-- Seed all 72 group stage matches as drafts
-- Run this after creating the match_pages table

INSERT INTO public.match_pages (match_number, slug, team1, team2, match_date, match_time, city, stadium, seo_title, seo_description) VALUES
(1, 'mexico-vs-south-africa', 'Mexico', 'South Africa', 'June 11, 2026', '3:00 PM', 'Mexico City', 'Estadio Azteca', 'Match 1: Mexico vs South Africa - Mexico City Travel Guide', 'Everything you need to know about Match 1 between Mexico and South Africa at Estadio Azteca in Mexico City. Travel tips, stadium info, and fan experience.'),
(2, 'south-korea-vs-uefa-playoff-winner-d', 'South Korea', 'UEFA Playoff Winner D', 'June 11, 2026', '10:00 PM', 'Guadalajara', 'Estadio Akron', 'Match 2: South Korea vs UEFA Playoff Winner D - Guadalajara Travel Guide', 'Everything you need to know about Match 2 between South Korea and UEFA Playoff Winner D at Estadio Akron in Guadalajara. Travel tips, stadium info, and fan experience.'),
(3, 'canada-vs-uefa-playoff-winner-a', 'Canada', 'UEFA Playoff Winner A', 'June 12, 2026', '3:00 PM', 'Toronto', 'BMO Field', 'Match 3: Canada vs UEFA Playoff Winner A - Toronto Travel Guide', 'Everything you need to know about Match 3 between Canada and UEFA Playoff Winner A at BMO Field in Toronto. Travel tips, stadium info, and fan experience.'),
(4, 'usa-vs-paraguay', 'USA', 'Paraguay', 'June 12, 2026', '9:00 PM', 'Los Angeles', 'SoFi Stadium', 'Match 4: USA vs Paraguay - Los Angeles Travel Guide', 'Everything you need to know about Match 4 between USA and Paraguay at SoFi Stadium in Los Angeles. Travel tips, stadium info, and fan experience.'),
(5, 'haiti-vs-scotland', 'Haiti', 'Scotland', 'June 13, 2026', '3:00 PM', 'Boston', 'Gillette Stadium', 'Match 5: Haiti vs Scotland - Boston Travel Guide', 'Everything you need to know about Match 5 between Haiti and Scotland at Gillette Stadium in Boston. Travel tips, stadium info, and fan experience.'),
(6, 'qatar-vs-switzerland', 'Qatar', 'Switzerland', 'June 13, 2026', '4:00 PM', 'San Francisco Bay Area', 'Levi''s Stadium', 'Match 6: Qatar vs Switzerland - San Francisco Travel Guide', 'Everything you need to know about Match 6 between Qatar and Switzerland at Levi''s Stadium in San Francisco Bay Area. Travel tips, stadium info, and fan experience.'),
(7, 'brazil-vs-morocco', 'Brazil', 'Morocco', 'June 13, 2026', '6:00 PM', 'New York/New Jersey', 'MetLife Stadium', 'Match 7: Brazil vs Morocco - New York Travel Guide', 'Everything you need to know about Match 7 between Brazil and Morocco at MetLife Stadium in New York/New Jersey. Travel tips, stadium info, and fan experience.'),
(8, 'australia-vs-uefa-playoff-winner-c', 'Australia', 'UEFA Playoff Winner C', 'June 13, 2026', '12:00 AM', 'Vancouver', 'BC Place', 'Match 8: Australia vs UEFA Playoff Winner C - Vancouver Travel Guide', 'Everything you need to know about Match 8 between Australia and UEFA Playoff Winner C at BC Place in Vancouver. Travel tips, stadium info, and fan experience.'),
(9, 'ivory-coast-vs-ecuador', 'Ivory Coast', 'Ecuador', 'June 14, 2026', '1:00 PM', 'Philadelphia', 'Lincoln Financial Field', 'Match 9: Ivory Coast vs Ecuador - Philadelphia Travel Guide', 'Everything you need to know about Match 9 between Ivory Coast and Ecuador at Lincoln Financial Field in Philadelphia. Travel tips, stadium info, and fan experience.'),
(10, 'germany-vs-curacao', 'Germany', 'Curaçao', 'June 14, 2026', '4:00 PM', 'Houston', 'NRG Stadium', 'Match 10: Germany vs Curaçao - Houston Travel Guide', 'Everything you need to know about Match 10 between Germany and Curaçao at NRG Stadium in Houston. Travel tips, stadium info, and fan experience.'),
(11, 'netherlands-vs-japan', 'Netherlands', 'Japan', 'June 14, 2026', '7:00 PM', 'Dallas', 'AT&T Stadium', 'Match 11: Netherlands vs Japan - Dallas Travel Guide', 'Everything you need to know about Match 11 between Netherlands and Japan at AT&T Stadium in Dallas. Travel tips, stadium info, and fan experience.'),
(12, 'uefa-playoff-winner-b-vs-tunisia', 'UEFA Playoff Winner B', 'Tunisia', 'June 14, 2026', '10:00 PM', 'Monterrey', 'Estadio BBVA', 'Match 12: UEFA Playoff Winner B vs Tunisia - Monterrey Travel Guide', 'Everything you need to know about Match 12 between UEFA Playoff Winner B and Tunisia at Estadio BBVA in Monterrey. Travel tips, stadium info, and fan experience.'),
(13, 'saudi-arabia-vs-uruguay', 'Saudi Arabia', 'Uruguay', 'June 15, 2026', '12:00 PM', 'Miami', 'Hard Rock Stadium', 'Match 13: Saudi Arabia vs Uruguay - Miami Travel Guide', 'Everything you need to know about Match 13 between Saudi Arabia and Uruguay at Hard Rock Stadium in Miami. Travel tips, stadium info, and fan experience.'),
(14, 'spain-vs-cape-verde', 'Spain', 'Cape Verde', 'June 15, 2026', '3:00 PM', 'Atlanta', 'Mercedes-Benz Stadium', 'Match 14: Spain vs Cape Verde - Atlanta Travel Guide', 'Everything you need to know about Match 14 between Spain and Cape Verde at Mercedes-Benz Stadium in Atlanta. Travel tips, stadium info, and fan experience.'),
(15, 'iran-vs-new-zealand', 'Iran', 'New Zealand', 'June 15, 2026', '6:00 PM', 'Los Angeles', 'SoFi Stadium', 'Match 15: Iran vs New Zealand - Los Angeles Travel Guide', 'Everything you need to know about Match 15 between Iran and New Zealand at SoFi Stadium in Los Angeles. Travel tips, stadium info, and fan experience.'),
(16, 'belgium-vs-egypt', 'Belgium', 'Egypt', 'June 15, 2026', '9:00 PM', 'Seattle', 'Lumen Field', 'Match 16: Belgium vs Egypt - Seattle Travel Guide', 'Everything you need to know about Match 16 between Belgium and Egypt at Lumen Field in Seattle. Travel tips, stadium info, and fan experience.'),
(17, 'france-vs-senegal', 'France', 'Senegal', 'June 16, 2026', '3:00 PM', 'New York/New Jersey', 'MetLife Stadium', 'Match 17: France vs Senegal - New York Travel Guide', 'Everything you need to know about Match 17 between France and Senegal at MetLife Stadium in New York/New Jersey. Travel tips, stadium info, and fan experience.'),
(18, 'fifa-playoff-winner-2-vs-norway', 'FIFA Playoff Winner 2', 'Norway', 'June 16, 2026', '6:00 PM', 'Boston', 'Gillette Stadium', 'Match 18: FIFA Playoff Winner 2 vs Norway - Boston Travel Guide', 'Everything you need to know about Match 18 between FIFA Playoff Winner 2 and Norway at Gillette Stadium in Boston. Travel tips, stadium info, and fan experience.'),
(19, 'argentina-vs-algeria', 'Argentina', 'Algeria', 'June 16, 2026', '9:00 PM', 'Kansas City', 'Arrowhead Stadium', 'Match 19: Argentina vs Algeria - Kansas City Travel Guide', 'Everything you need to know about Match 19 between Argentina and Algeria at Arrowhead Stadium in Kansas City. Travel tips, stadium info, and fan experience.'),
(20, 'austria-vs-jordan', 'Austria', 'Jordan', 'June 16, 2026', '12:00 AM', 'San Francisco Bay Area', 'Levi''s Stadium', 'Match 20: Austria vs Jordan - San Francisco Travel Guide', 'Everything you need to know about Match 20 between Austria and Jordan at Levi''s Stadium in San Francisco Bay Area. Travel tips, stadium info, and fan experience.'),
(21, 'england-vs-croatia', 'England', 'Croatia', 'June 17, 2026', '3:00 PM', 'Toronto', 'BMO Field', 'Match 21: England vs Croatia - Toronto Travel Guide', 'Everything you need to know about Match 21 between England and Croatia at BMO Field in Toronto. Travel tips, stadium info, and fan experience.'),
(22, 'ghana-vs-panama', 'Ghana', 'Panama', 'June 17, 2026', '6:00 PM', 'Dallas', 'AT&T Stadium', 'Match 22: Ghana vs Panama - Dallas Travel Guide', 'Everything you need to know about Match 22 between Ghana and Panama at AT&T Stadium in Dallas. Travel tips, stadium info, and fan experience.'),
(23, 'portugal-vs-fifa-playoff-winner-1', 'Portugal', 'FIFA Playoff Winner 1', 'June 17, 2026', '9:00 PM', 'Houston', 'NRG Stadium', 'Match 23: Portugal vs FIFA Playoff Winner 1 - Houston Travel Guide', 'Everything you need to know about Match 23 between Portugal and FIFA Playoff Winner 1 at NRG Stadium in Houston. Travel tips, stadium info, and fan experience.'),
(24, 'uzbekistan-vs-colombia', 'Uzbekistan', 'Colombia', 'June 17, 2026', '12:00 AM', 'Mexico City', 'Estadio Azteca', 'Match 24: Uzbekistan vs Colombia - Mexico City Travel Guide', 'Everything you need to know about Match 24 between Uzbekistan and Colombia at Estadio Azteca in Mexico City. Travel tips, stadium info, and fan experience.'),
(25, 'uefa-playoff-winner-d-vs-south-africa', 'UEFA Playoff Winner D', 'South Africa', 'June 18, 2026', '12:00 PM', 'Atlanta', 'Mercedes-Benz Stadium', 'Match 25: UEFA Playoff Winner D vs South Africa - Atlanta Travel Guide', 'Everything you need to know about Match 25 between UEFA Playoff Winner D and South Africa at Mercedes-Benz Stadium in Atlanta. Travel tips, stadium info, and fan experience.'),
(26, 'switzerland-vs-uefa-playoff-winner-a', 'Switzerland', 'UEFA Playoff Winner A', 'June 18, 2026', '3:00 PM', 'Los Angeles', 'SoFi Stadium', 'Match 26: Switzerland vs UEFA Playoff Winner A - Los Angeles Travel Guide', 'Everything you need to know about Match 26 between Switzerland and UEFA Playoff Winner A at SoFi Stadium in Los Angeles. Travel tips, stadium info, and fan experience.'),
(27, 'canada-vs-qatar', 'Canada', 'Qatar', 'June 18, 2026', '6:00 PM', 'Vancouver', 'BC Place', 'Match 27: Canada vs Qatar - Vancouver Travel Guide', 'Everything you need to know about Match 27 between Canada and Qatar at BC Place in Vancouver. Travel tips, stadium info, and fan experience.'),
(28, 'mexico-vs-south-korea', 'Mexico', 'South Korea', 'June 18, 2026', '9:00 PM', 'Guadalajara', 'Estadio Akron', 'Match 28: Mexico vs South Korea - Guadalajara Travel Guide', 'Everything you need to know about Match 28 between Mexico and South Korea at Estadio Akron in Guadalajara. Travel tips, stadium info, and fan experience.'),
(29, 'brazil-vs-haiti', 'Brazil', 'Haiti', 'June 19, 2026', '3:00 PM', 'Philadelphia', 'Lincoln Financial Field', 'Match 29: Brazil vs Haiti - Philadelphia Travel Guide', 'Everything you need to know about Match 29 between Brazil and Haiti at Lincoln Financial Field in Philadelphia. Travel tips, stadium info, and fan experience.'),
(30, 'scotland-vs-morocco', 'Scotland', 'Morocco', 'June 19, 2026', '6:00 PM', 'Boston', 'Gillette Stadium', 'Match 30: Scotland vs Morocco - Boston Travel Guide', 'Everything you need to know about Match 30 between Scotland and Morocco at Gillette Stadium in Boston. Travel tips, stadium info, and fan experience.'),
(31, 'uefa-playoff-winner-c-vs-paraguay', 'UEFA Playoff Winner C', 'Paraguay', 'June 19, 2026', '9:00 PM', 'San Francisco Bay Area', 'Levi''s Stadium', 'Match 31: UEFA Playoff Winner C vs Paraguay - San Francisco Travel Guide', 'Everything you need to know about Match 31 between UEFA Playoff Winner C and Paraguay at Levi''s Stadium in San Francisco Bay Area. Travel tips, stadium info, and fan experience.'),
(32, 'usa-vs-australia', 'USA', 'Australia', 'June 19, 2026', '12:00 AM', 'Seattle', 'Lumen Field', 'Match 32: USA vs Australia - Seattle Travel Guide', 'Everything you need to know about Match 32 between USA and Australia at Lumen Field in Seattle. Travel tips, stadium info, and fan experience.'),
(33, 'germany-vs-ivory-coast', 'Germany', 'Ivory Coast', 'June 20, 2026', '1:00 PM', 'Toronto', 'BMO Field', 'Match 33: Germany vs Ivory Coast - Toronto Travel Guide', 'Everything you need to know about Match 33 between Germany and Ivory Coast at BMO Field in Toronto. Travel tips, stadium info, and fan experience.'),
(34, 'ecuador-vs-curacao', 'Ecuador', 'Curaçao', 'June 20, 2026', '4:00 PM', 'Kansas City', 'Arrowhead Stadium', 'Match 34: Ecuador vs Curaçao - Kansas City Travel Guide', 'Everything you need to know about Match 34 between Ecuador and Curaçao at Arrowhead Stadium in Kansas City. Travel tips, stadium info, and fan experience.'),
(35, 'netherlands-vs-uefa-playoff-winner-b', 'Netherlands', 'UEFA Playoff Winner B', 'June 20, 2026', '7:00 PM', 'Houston', 'NRG Stadium', 'Match 35: Netherlands vs UEFA Playoff Winner B - Houston Travel Guide', 'Everything you need to know about Match 35 between Netherlands and UEFA Playoff Winner B at NRG Stadium in Houston. Travel tips, stadium info, and fan experience.'),
(36, 'tunisia-vs-japan', 'Tunisia', 'Japan', 'June 20, 2026', '10:00 PM', 'Monterrey', 'Estadio BBVA', 'Match 36: Tunisia vs Japan - Monterrey Travel Guide', 'Everything you need to know about Match 36 between Tunisia and Japan at Estadio BBVA in Monterrey. Travel tips, stadium info, and fan experience.'),
(37, 'uruguay-vs-cape-verde', 'Uruguay', 'Cape Verde', 'June 21, 2026', '12:00 PM', 'Miami', 'Hard Rock Stadium', 'Match 37: Uruguay vs Cape Verde - Miami Travel Guide', 'Everything you need to know about Match 37 between Uruguay and Cape Verde at Hard Rock Stadium in Miami. Travel tips, stadium info, and fan experience.'),
(38, 'spain-vs-saudi-arabia', 'Spain', 'Saudi Arabia', 'June 21, 2026', '3:00 PM', 'Atlanta', 'Mercedes-Benz Stadium', 'Match 38: Spain vs Saudi Arabia - Atlanta Travel Guide', 'Everything you need to know about Match 38 between Spain and Saudi Arabia at Mercedes-Benz Stadium in Atlanta. Travel tips, stadium info, and fan experience.'),
(39, 'belgium-vs-iran', 'Belgium', 'Iran', 'June 21, 2026', '6:00 PM', 'Los Angeles', 'SoFi Stadium', 'Match 39: Belgium vs Iran - Los Angeles Travel Guide', 'Everything you need to know about Match 39 between Belgium and Iran at SoFi Stadium in Los Angeles. Travel tips, stadium info, and fan experience.'),
(40, 'new-zealand-vs-egypt', 'New Zealand', 'Egypt', 'June 21, 2026', '9:00 PM', 'Vancouver', 'BC Place', 'Match 40: New Zealand vs Egypt - Vancouver Travel Guide', 'Everything you need to know about Match 40 between New Zealand and Egypt at BC Place in Vancouver. Travel tips, stadium info, and fan experience.'),
(41, 'norway-vs-senegal', 'Norway', 'Senegal', 'June 22, 2026', '3:00 PM', 'New York/New Jersey', 'MetLife Stadium', 'Match 41: Norway vs Senegal - New York Travel Guide', 'Everything you need to know about Match 41 between Norway and Senegal at MetLife Stadium in New York/New Jersey. Travel tips, stadium info, and fan experience.'),
(42, 'france-vs-fifa-playoff-winner-2', 'France', 'FIFA Playoff Winner 2', 'June 22, 2026', '6:00 PM', 'Philadelphia', 'Lincoln Financial Field', 'Match 42: France vs FIFA Playoff Winner 2 - Philadelphia Travel Guide', 'Everything you need to know about Match 42 between France and FIFA Playoff Winner 2 at Lincoln Financial Field in Philadelphia. Travel tips, stadium info, and fan experience.'),
(43, 'argentina-vs-austria', 'Argentina', 'Austria', 'June 22, 2026', '9:00 PM', 'Dallas', 'AT&T Stadium', 'Match 43: Argentina vs Austria - Dallas Travel Guide', 'Everything you need to know about Match 43 between Argentina and Austria at AT&T Stadium in Dallas. Travel tips, stadium info, and fan experience.'),
(44, 'jordan-vs-algeria', 'Jordan', 'Algeria', 'June 22, 2026', '12:00 AM', 'San Francisco Bay Area', 'Levi''s Stadium', 'Match 44: Jordan vs Algeria - San Francisco Travel Guide', 'Everything you need to know about Match 44 between Jordan and Algeria at Levi''s Stadium in San Francisco Bay Area. Travel tips, stadium info, and fan experience.'),
(45, 'england-vs-ghana', 'England', 'Ghana', 'June 23, 2026', '3:00 PM', 'Boston', 'Gillette Stadium', 'Match 45: England vs Ghana - Boston Travel Guide', 'Everything you need to know about Match 45 between England and Ghana at Gillette Stadium in Boston. Travel tips, stadium info, and fan experience.'),
(46, 'panama-vs-croatia', 'Panama', 'Croatia', 'June 23, 2026', '6:00 PM', 'Toronto', 'BMO Field', 'Match 46: Panama vs Croatia - Toronto Travel Guide', 'Everything you need to know about Match 46 between Panama and Croatia at BMO Field in Toronto. Travel tips, stadium info, and fan experience.'),
(47, 'portugal-vs-uzbekistan', 'Portugal', 'Uzbekistan', 'June 23, 2026', '9:00 PM', 'Houston', 'NRG Stadium', 'Match 47: Portugal vs Uzbekistan - Houston Travel Guide', 'Everything you need to know about Match 47 between Portugal and Uzbekistan at NRG Stadium in Houston. Travel tips, stadium info, and fan experience.'),
(48, 'colombia-vs-fifa-playoff-winner-1', 'Colombia', 'FIFA Playoff Winner 1', 'June 23, 2026', '12:00 AM', 'Guadalajara', 'Estadio Akron', 'Match 48: Colombia vs FIFA Playoff Winner 1 - Guadalajara Travel Guide', 'Everything you need to know about Match 48 between Colombia and FIFA Playoff Winner 1 at Estadio Akron in Guadalajara. Travel tips, stadium info, and fan experience.'),
(49, 'scotland-vs-brazil', 'Scotland', 'Brazil', 'June 24, 2026', '3:00 PM', 'Miami', 'Hard Rock Stadium', 'Match 49: Scotland vs Brazil - Miami Travel Guide', 'Everything you need to know about Match 49 between Scotland and Brazil at Hard Rock Stadium in Miami. Travel tips, stadium info, and fan experience.'),
(50, 'morocco-vs-haiti', 'Morocco', 'Haiti', 'June 24, 2026', '3:00 PM', 'Atlanta', 'Mercedes-Benz Stadium', 'Match 50: Morocco vs Haiti - Atlanta Travel Guide', 'Everything you need to know about Match 50 between Morocco and Haiti at Mercedes-Benz Stadium in Atlanta. Travel tips, stadium info, and fan experience.'),
(51, 'switzerland-vs-canada', 'Switzerland', 'Canada', 'June 24, 2026', '6:00 PM', 'Vancouver', 'BC Place', 'Match 51: Switzerland vs Canada - Vancouver Travel Guide', 'Everything you need to know about Match 51 between Switzerland and Canada at BC Place in Vancouver. Travel tips, stadium info, and fan experience.'),
(52, 'uefa-playoff-winner-a-vs-qatar', 'UEFA Playoff Winner A', 'Qatar', 'June 24, 2026', '6:00 PM', 'Seattle', 'Lumen Field', 'Match 52: UEFA Playoff Winner A vs Qatar - Seattle Travel Guide', 'Everything you need to know about Match 52 between UEFA Playoff Winner A and Qatar at Lumen Field in Seattle. Travel tips, stadium info, and fan experience.'),
(53, 'uefa-playoff-winner-d-vs-mexico', 'UEFA Playoff Winner D', 'Mexico', 'June 24, 2026', '9:00 PM', 'Mexico City', 'Estadio Azteca', 'Match 53: UEFA Playoff Winner D vs Mexico - Mexico City Travel Guide', 'Everything you need to know about Match 53 between UEFA Playoff Winner D and Mexico at Estadio Azteca in Mexico City. Travel tips, stadium info, and fan experience.'),
(54, 'south-africa-vs-south-korea', 'South Africa', 'South Korea', 'June 24, 2026', '9:00 PM', 'Monterrey', 'Estadio BBVA', 'Match 54: South Africa vs South Korea - Monterrey Travel Guide', 'Everything you need to know about Match 54 between South Africa and South Korea at Estadio BBVA in Monterrey. Travel tips, stadium info, and fan experience.'),
(55, 'curacao-vs-ivory-coast', 'Curaçao', 'Ivory Coast', 'June 25, 2026', '4:00 PM', 'Philadelphia', 'Lincoln Financial Field', 'Match 55: Curaçao vs Ivory Coast - Philadelphia Travel Guide', 'Everything you need to know about Match 55 between Curaçao and Ivory Coast at Lincoln Financial Field in Philadelphia. Travel tips, stadium info, and fan experience.'),
(56, 'ecuador-vs-germany', 'Ecuador', 'Germany', 'June 25, 2026', '4:00 PM', 'New York/New Jersey', 'MetLife Stadium', 'Match 56: Ecuador vs Germany - New York Travel Guide', 'Everything you need to know about Match 56 between Ecuador and Germany at MetLife Stadium in New York/New Jersey. Travel tips, stadium info, and fan experience.'),
(57, 'japan-vs-uefa-playoff-winner-b', 'Japan', 'UEFA Playoff Winner B', 'June 25, 2026', '7:00 PM', 'Dallas', 'AT&T Stadium', 'Match 57: Japan vs UEFA Playoff Winner B - Dallas Travel Guide', 'Everything you need to know about Match 57 between Japan and UEFA Playoff Winner B at AT&T Stadium in Dallas. Travel tips, stadium info, and fan experience.'),
(58, 'tunisia-vs-netherlands', 'Tunisia', 'Netherlands', 'June 25, 2026', '7:00 PM', 'Kansas City', 'Arrowhead Stadium', 'Match 58: Tunisia vs Netherlands - Kansas City Travel Guide', 'Everything you need to know about Match 58 between Tunisia and Netherlands at Arrowhead Stadium in Kansas City. Travel tips, stadium info, and fan experience.'),
(59, 'uefa-playoff-winner-c-vs-usa', 'UEFA Playoff Winner C', 'USA', 'June 25, 2026', '10:00 PM', 'Los Angeles', 'SoFi Stadium', 'Match 59: UEFA Playoff Winner C vs USA - Los Angeles Travel Guide', 'Everything you need to know about Match 59 between UEFA Playoff Winner C and USA at SoFi Stadium in Los Angeles. Travel tips, stadium info, and fan experience.'),
(60, 'paraguay-vs-australia', 'Paraguay', 'Australia', 'June 25, 2026', '10:00 PM', 'San Francisco Bay Area', 'Levi''s Stadium', 'Match 60: Paraguay vs Australia - San Francisco Travel Guide', 'Everything you need to know about Match 60 between Paraguay and Australia at Levi''s Stadium in San Francisco Bay Area. Travel tips, stadium info, and fan experience.'),
(61, 'norway-vs-france', 'Norway', 'France', 'June 26, 2026', '3:00 PM', 'Boston', 'Gillette Stadium', 'Match 61: Norway vs France - Boston Travel Guide', 'Everything you need to know about Match 61 between Norway and France at Gillette Stadium in Boston. Travel tips, stadium info, and fan experience.'),
(62, 'senegal-vs-fifa-playoff-winner-2', 'Senegal', 'FIFA Playoff Winner 2', 'June 26, 2026', '3:00 PM', 'Toronto', 'BMO Field', 'Match 62: Senegal vs FIFA Playoff Winner 2 - Toronto Travel Guide', 'Everything you need to know about Match 62 between Senegal and FIFA Playoff Winner 2 at BMO Field in Toronto. Travel tips, stadium info, and fan experience.'),
(63, 'new-zealand-vs-belgium', 'New Zealand', 'Belgium', 'June 26, 2026', '6:00 PM', 'Seattle', 'Lumen Field', 'Match 63: New Zealand vs Belgium - Seattle Travel Guide', 'Everything you need to know about Match 63 between New Zealand and Belgium at Lumen Field in Seattle. Travel tips, stadium info, and fan experience.'),
(64, 'egypt-vs-iran', 'Egypt', 'Iran', 'June 26, 2026', '6:00 PM', 'Vancouver', 'BC Place', 'Match 64: Egypt vs Iran - Vancouver Travel Guide', 'Everything you need to know about Match 64 between Egypt and Iran at BC Place in Vancouver. Travel tips, stadium info, and fan experience.'),
(65, 'uruguay-vs-spain', 'Uruguay', 'Spain', 'June 26, 2026', '9:00 PM', 'Houston', 'NRG Stadium', 'Match 65: Uruguay vs Spain - Houston Travel Guide', 'Everything you need to know about Match 65 between Uruguay and Spain at NRG Stadium in Houston. Travel tips, stadium info, and fan experience.'),
(66, 'cape-verde-vs-saudi-arabia', 'Cape Verde', 'Saudi Arabia', 'June 26, 2026', '9:00 PM', 'Guadalajara', 'Estadio Akron', 'Match 66: Cape Verde vs Saudi Arabia - Guadalajara Travel Guide', 'Everything you need to know about Match 66 between Cape Verde and Saudi Arabia at Estadio Akron in Guadalajara. Travel tips, stadium info, and fan experience.'),
(67, 'panama-vs-england', 'Panama', 'England', 'June 27, 2026', '3:00 PM', 'New York/New Jersey', 'MetLife Stadium', 'Match 67: Panama vs England - New York Travel Guide', 'Everything you need to know about Match 67 between Panama and England at MetLife Stadium in New York/New Jersey. Travel tips, stadium info, and fan experience.'),
(68, 'croatia-vs-ghana', 'Croatia', 'Ghana', 'June 27, 2026', '3:00 PM', 'Philadelphia', 'Lincoln Financial Field', 'Match 68: Croatia vs Ghana - Philadelphia Travel Guide', 'Everything you need to know about Match 68 between Croatia and Ghana at Lincoln Financial Field in Philadelphia. Travel tips, stadium info, and fan experience.'),
(69, 'jordan-vs-argentina', 'Jordan', 'Argentina', 'June 27, 2026', '6:00 PM', 'Kansas City', 'Arrowhead Stadium', 'Match 69: Jordan vs Argentina - Kansas City Travel Guide', 'Everything you need to know about Match 69 between Jordan and Argentina at Arrowhead Stadium in Kansas City. Travel tips, stadium info, and fan experience.'),
(70, 'algeria-vs-austria', 'Algeria', 'Austria', 'June 27, 2026', '6:00 PM', 'Dallas', 'AT&T Stadium', 'Match 70: Algeria vs Austria - Dallas Travel Guide', 'Everything you need to know about Match 70 between Algeria and Austria at AT&T Stadium in Dallas. Travel tips, stadium info, and fan experience.'),
(71, 'colombia-vs-portugal', 'Colombia', 'Portugal', 'June 27, 2026', '9:00 PM', 'Miami', 'Hard Rock Stadium', 'Match 71: Colombia vs Portugal - Miami Travel Guide', 'Everything you need to know about Match 71 between Colombia and Portugal at Hard Rock Stadium in Miami. Travel tips, stadium info, and fan experience.'),
(72, 'fifa-playoff-winner-1-vs-uzbekistan', 'FIFA Playoff Winner 1', 'Uzbekistan', 'June 27, 2026', '9:00 PM', 'Atlanta', 'Mercedes-Benz Stadium', 'Match 72: FIFA Playoff Winner 1 vs Uzbekistan - Atlanta Travel Guide', 'Everything you need to know about Match 72 between FIFA Playoff Winner 1 and Uzbekistan at Mercedes-Benz Stadium in Atlanta. Travel tips, stadium info, and fan experience.')
ON CONFLICT (match_number) DO NOTHING;
